text,gold_label,pred_label,confidence,is_error
কুঁচকিতে দাদ বা ফাঙ্গাল ইনফেকশন সারানোর সাধারণ ক্রিম ও স্বাস্থ্যবিধি সম্পর্কে জানতে চাই।,General Query,General Query,0.9989,0
ত্বকের ক্যান্সারের প্রাথমিক লক্ষণ এবং তিলের আকৃতি পরিবর্তন হওয়া নিয়ে সচেতনতা প্রয়োজন।,General Query,General Query,0.9553,0
কুঁচকিতে হার্পিস বা এই জাতীয় ইনফেকশনের সাধারণ উপসর্গ ও চিকিৎসা জানতে আগ্রহী।,General Query,General Query,0.9969,0
হঠাৎ করে শরীরের চামড়া নীলচে হয়ে গেছে আর রোগী শ্বাস নিতে পারছে না।,Emergency,Emergency,0.9993,0
বগলে কোনো ধারালো ব্লেড বা ক্ষুর লেগে গভীর ক্ষত হয়ে প্রচুর রক্তপাত হচ্ছে।,Emergency,Emergency,0.8863,0
বগলের ভেতরে সুঁই ফোটানোর মতো ব্যথা যা হাত নাড়ালে বুকের দিকে ছড়িয়ে যায়।,Routine,Routine,0.8781,0
ত্বকের পিএইচ (ph) ব্যালেন্স ঠিক রাখার জন্য সাবান নাকি বডি ওয়াশ ভালো?,General Query,General Query,0.9977,0
ত্বকের জন্য কোলাজেন সাপ্লিমেন্ট খাওয়া কি নিরাপদ ও কার্যকরী? তথ্য চাই।,General Query,General Query,0.9998,0
বগলে চুলকানির পর সেই জায়গাটা কালো হয়ে পুরু হয়ে গেছে (leather-like skin)।,Routine,Urgent,0.5009,1
ত্বকের জন্য নিম পাতা বা প্রাকৃতিক উপাদানের ব্যবহার সম্পর্কে সাধারণ তথ্য চাই।,General Query,General Query,0.9997,0
ত্বকের সোরিয়াসিস রোগের আধুনিক চিকিৎসা ও সচেতনতা সম্পর্কে তথ্য প্রয়োজন।,General Query,General Query,0.9991,0
শরীরের কোনো অংশে বড় কোনো ফোলা যা পালস বা স্পন্দনের সাথে দপদপ করে।,Urgent,Routine,0.7129,1
বগলের লোম পরিষ্কারের জন্য কি হেয়ার রিমুভাল ক্রিম নিরাপদ? পরামর্শ চাই।,General Query,General Query,0.9997,0
হঠাৎ করে রোগীর কথা জড়িয়ে যাচ্ছে এবং শরীরের বাম পাশ একদম নিথর হয়ে গেছে।,Emergency,Emergency,0.9987,0
"রোগী বিষপান করেছে এবং তার মুখ দিয়ে ফেনা বের হচ্ছে, এখন সে অচেতন।",Emergency,Emergency,0.9998,0
হঠাৎ বুকের খাঁচায় প্রচণ্ড শব্দ হয়ে ব্যথা শুরু হয়েছে এবং দম নিতে পারছে না।,Emergency,Emergency,0.9603,0
বিষাক্ত পোকার কামড়ে সারা শরীর ফুলে গিয়ে শ্বাস নিতে কষ্ট হচ্ছে।,Emergency,Emergency,0.9969,0
কানের ভেতর তীব্র ব্যথা এবং কান দিয়ে পুঁজ ও রক্ত বের হচ্ছে।,Urgent,Urgent,0.8590,0
পায়ের পুরনো ঘা ফুলে লাল হয়ে গেছে এবং সেখান থেকে প্রচণ্ড দুর্গন্ধ বের হচ্ছে।,Urgent,Urgent,0.9577,0
বাচ্চার গত ৩ দিন ধরে জ্বর কমছে না এবং সে খুব কান্নাকাটি করছে।,Urgent,Urgent,0.9856,0
চোখের ভেতর কিছু ঢুকেছে মনে হচ্ছে এবং চোখ খুব জ্বালাপোড়া করছে।,Urgent,Urgent,0.9456,0
পায়ের নখের কোণ পেকে গিয়ে খুব ব্যথা এবং সেখান থেকে রক্ত বের হচ্ছে।,Urgent,Urgent,0.9309,0
ঘাড়ের ব্যথার সাথে হাত অবশ হয়ে আসছে এবং আঙুলের জোর পাচ্ছি না।,Urgent,Emergency,0.5161,1
প্রচণ্ড জ্বরের সাথে প্রস্রাব একদম বন্ধ হয়ে গেছে গত ২৪ ঘণ্টা ধরে।,Emergency,Emergency,0.9317,0
হঠাৎ করে কথা জড়িয়ে যাচ্ছে আর হাসলে মুখের একপাশ বেঁকে যাচ্ছে।,Emergency,Emergency,0.9897,0
অজ্ঞান হওয়ার পর হাত-পা শক্ত হয়ে কাঁপছে আর মুখ দিয়ে ফেনা বের হচ্ছে।,Emergency,Emergency,0.9188,0
পায়ের পাতায় ছোট ক্ষত থেকে পুঁজ বের হচ্ছে আর চারপাশ কালচে হয়ে গেছে।,Urgent,Urgent,0.9470,0
বাচ্চার কাশির সময় পিঠে শব্দ হয় (wheezing) আর সে খুব অস্থির হয়ে থাকে।,Urgent,Routine,0.5747,1
বুকের মাঝখান থেকে শুরু করে পুরো পিঠ ও চোয়াল পর্যন্ত তীব্র ব্যথা ছড়িয়ে যাচ্ছে এবং রোগী প্রচণ্ড ঘামছে।,Emergency,Emergency,0.9898,0
গর্ভবতী মায়ের হঠাৎ খিঁচুনি শুরু হয়েছে এবং তার শরীর শক্ত হয়ে চোখ উল্টে যাচ্ছে (eclampsia)।,Emergency,Emergency,0.9901,0
হঠাৎ সারা শরীর কাঁপতে কাঁপতে দাঁত লেগে গেছে এবং মুখ থেকে প্রচুর ফেনা ও লালা বের হচ্ছে।,Emergency,Emergency,0.9256,0
রোগীর প্রস্রাব সম্পূর্ণ বন্ধ হয়ে গেছে গত ৩৬ ঘণ্টা ধরে এবং পুরো শরীর ফুলে বেলুন হয়ে গেছে।,Emergency,Emergency,0.9978,0
প্রচণ্ড রোদের মধ্যে প্যারেড করতে করতে সৈনিক হঠাৎ উপুড় হয়ে পড়ে গিয়ে অচেতন হয়ে গেল।,Emergency,Emergency,0.9831,0
"আক্কেল দাঁতের ব্যথায় গাল ও গলা ফুলে শক্ত হয়ে গেছে, মুখ হাঁ করা যাচ্ছে না।",Urgent,Urgent,0.9448,0
গত ১২ ঘণ্টা ধরে তীব্র পেট ব্যথার সাথে একটানা পিত্ত বা হলুদ বমি হচ্ছে।,Urgent,Urgent,0.8723,0
রাস্তার বিড়াল বা শেয়াল আঁচড়ানোর পর জায়গাটা লাল হয়ে ফুলে গেছে এবং জ্বলছে।,Urgent,Urgent,0.6617,0
মেরুদণ্ডের নিচের দিকে তীব্র ব্যথার কারণে সোজা হয়ে বসা বা শোয়া যাচ্ছে না।,Urgent,Urgent,0.9420,0
বাচ্চার জ্বর ১০৩ ডিগ্রি পার হয়ে গেছে এবং সে চোখ বন্ধ করে ঝিমোচ্ছে।,Urgent,Urgent,0.8117,0
রোগী হঠাৎ করে নিজের পরিচিত মানুষদের চিনতে পারছে না এবং খুব আক্রমণাত্মক আচরণ করছে।,Emergency,Emergency,0.9878,0
বিদ্যুতের তারে স্পর্শ করার পর রোগীর আঙুল পুড়ে কালো হয়ে গেছে এবং পালস খুব ধীর।,Emergency,Emergency,0.9986,0
হঠাৎ করে রোগীর পুরো মুখমণ্ডল বেঁকে গেছে এবং সে অসংলগ্ন কথা বলছে।,Emergency,Emergency,0.9993,0
রোগী কোনো গ্যাসের সিলিন্ডার লিক হওয়া ঘরে থাকার পর অচেতন হয়ে পড়েছে।,Emergency,Emergency,0.6231,0
হঠাৎ করে রোগীর একদিকের চোখের দৃষ্টি সম্পূর্ণ চলে গেছে এবং সে ভারসাম্যহীন।,Emergency,Emergency,0.9998,0
বাচ্চার তীব্র হাঁপানির টানে ইনহেলার কাজ করছে না এবং তার বুক দপদপ করছে।,Emergency,Emergency,0.9191,0
রোগী বিষাক্ত কোনো মাশরুম খাওয়ার পর একটানা রক্তবমি করছে এবং জ্ঞান হারিয়েছে।,Emergency,Emergency,0.9997,0
হঠাৎ সারা শরীর খিঁচুনি দিয়ে দাঁত লেগে গেছে এবং মুখ দিয়ে প্রচুর লালা বের হচ্ছে।,Emergency,Emergency,0.9914,0
রোগীর পায়ের নখ বা আঙুল পচে কালো হয়ে গেছে এবং তীব্র পচনশীল দুর্গন্ধ আসছে।,Emergency,Emergency,0.9446,0
বাচ্চা বোতাম ব্যাটারি গিলে ফেলার পর থেকে তার বুক ও গলা দিয়ে রক্ত আসছে।,Emergency,Emergency,0.9882,0
চোখের ভেতর ধুলোবালি বা ছোট কোনো কণা ঢুকে চোখ একদম বন্ধ হয়ে আছে।,Urgent,Urgent,0.6438,0
উচ্চ রক্তচাপ হুট করে ১৬০/৯৫ হয়ে গেছে এবং ঘাড়ের রগ শক্ত হয়ে আছে।,Urgent,Urgent,0.8978,0
বিড়াল বা কোনো বন্য প্রাণী আঁচড়ানোর পর জায়গাটা লাল হয়ে ফুলে জ্বলছে।,Urgent,Routine,0.7333,1
হঠাৎ করে সব কিছু দুটো দেখছেন আর তীব্র মাথা ঘোরার কারণে একা চলতে পারছি না।,Urgent,Urgent,0.9612,0
হঠাৎ একদিকের হাত-পা সম্পূর্ণ শক্তি হারিয়ে ফেলেছে এবং কথা বলতে গেলে শব্দ আটকে যাচ্ছে।,Emergency,Emergency,0.9349,0
বাচ্চার মাথায় গভীর ক্ষত হওয়ার পর সেখান থেকে সাদা তরল বের হচ্ছে।,Emergency,Urgent,0.9399,1
রোগী ঘুমের ওষুধ পুরো পাতা খেয়ে এখন একদম সাড়া দিচ্ছে না।,Emergency,Emergency,0.8831,0
কালনাগিনী সাপ কামড়ানোর পর রোগীর জিব বাইরে বেরিয়ে আসছে এবং দম বন্ধ হচ্ছে।,Emergency,Emergency,0.9646,0
বাচ্চা খেলনার ছোট লোহার বল নাকে ঢুকিয়ে সম্পূর্ণ শ্বাসপথ বন্ধ করে ফেলেছে।,Emergency,Emergency,0.9907,0
তীব্র রোদে প্যারেড করতে করতে সৈনিক হঠাৎ জ্ঞান হারিয়েছে এবং তাপমাত্রা ১০৪।,Emergency,Emergency,0.9337,0
রোগীর হার্টবিট হঠাৎ বন্ধ হওয়ার উপক্রম এবং সে প্রচণ্ড ঘামছে।,Emergency,Emergency,0.9998,0
অজ্ঞান হওয়ার পর হাত-পা শক্ত হয়ে কাঁপছে আর মুখ দিয়ে ফেনা।,Emergency,Emergency,0.8262,0
পায়ের পুরনো ডায়াবেটিক ক্ষত ফুলে লাল হয়ে গেছে এবং রস পড়ছে।,Urgent,Urgent,0.7382,0
বিড়াল বা কোনো বন্য প্রাণী আঁচড়ানোর পর জায়গাটা লাল হয়ে ফুলে গেছে।,Urgent,Urgent,0.4884,0
বাচ্চার সারা গায়ে র্যাশ উঠেছে আর তার ১০২ ডিগ্রি জ্বর।,Urgent,Urgent,0.5342,0
"হঠাৎ সারা মুখ আর চোখ ফুলে গেছে, কোনো কারণ বুঝতে পারছি না।",Urgent,Emergency,0.5066,1
মাথা ঘোরা আর কানে কম শোনার কারণে রোগী খুব অস্থির বোধ করছে।,Urgent,Urgent,0.8548,0
বিছা বা কোনো বিষাক্ত পোকা কামড়ানোর পর জায়গাটা ফুলে গেছে।,Urgent,Urgent,0.5112,0
সারাদেহে তীব্র খোসপাঁচড়া হয়েছে যা রাতের বেলা অসহ্য।,Urgent,Urgent,0.9498,0
জ্বরের সাথে বাচ্চার হাত ও পায়ের তালুতে লাল দানা।,Urgent,Urgent,0.7124,0
আগুনে পুড়ে গিয়ে রোগীর শরীরের অনেকটা অংশের চামড়া খসে সাদা মাংস দেখা যাচ্ছে।,Emergency,Emergency,0.8937,0
বোতাম ব্যাটারি গিলে ফেলছে বাচ্চাটা এখন গলা দিয়া ধোঁয়া আর লালা বাইর হইতাছে ছটফট করতাছে খুব।,Emergency,Emergency,0.9129,0
গত দুইদিন ধরে প্রস্রাব এক ফোঁটাও হয় নাই শরীর ফুইলা বেলুন হয়া গেছে পেট শক্ত ড্রামের মতো।,Emergency,Urgent,0.9258,1
বাচ্চাটা কেরোসিন তেল খাইয়া ফেলছে এখন প্রচণ্ড কাশির সাথে দম আটকে নীল হয়া যাইতেছে।,Emergency,Emergency,0.9932,0
অজ্ঞাত কোনো ইনজেকশন নেওয়ার সাথে সাথে শরীর কাঁপতে কাঁপতে নিথর হয়া গেছে পালস নাই।,Emergency,Emergency,0.9995,0
অপারেশনের জায়গা থেইকা হঠাৎ ফিনকি দিয়া রক্ত বাইর হওয়া শুরু করছে কোনোভাবেই থামতাছে না।,Emergency,Emergency,0.9792,0
রোগী হঠাৎ খুব আক্রমণাত্মক হয়া নিজের গলা ব্লেড দিয়া কাটার চেষ্টা করতাছে রক্ত বাইর হইতাছে।,Emergency,Emergency,0.9999,0
গরম তেল বাচ্চার চোখের ভেতর পইড়া চোখ গলে যাওয়ার মতো সাদা হয়া গেছে তীব্র যন্ত্রণা।,Emergency,Emergency,0.9760,0
বাচ্চার কানে কোনো বিষাক্ত পোকা ঢুকে পর্দা কামড়ানোর কারণে তাজা রক্ত বাইর হইতাছে।,Emergency,Emergency,0.7640,0
হঠাৎ করে রোগীর দৃষ্টিশক্তি ঝাপসা হওয়ার সাথে সাথে শরীরের একপাশ অবশ হয়া গেল মেঝেতে।,Emergency,Emergency,0.9939,0
রোগীর প্রস্রাবের সাথে বড় বড় রক্তের চাকা যাইতাছে আর সে প্রচণ্ড দুর্বল হয়া অজ্ঞান।,Emergency,Emergency,0.9959,0
হুট করে সারা পিঠে আর বুকে লাল লাল ছোট ফোসকা বাইর হয়া তীব্র জ্বালাপোড়া করতাছে সোজা হইতে পারি না।,Urgent,Routine,0.6085,1
দা দিয়া হাত কাটার পর রক্ত বন্ধ হইছে কিন্তু জায়গাটা নীল হয়া ফুইলা গেছে আঙুল নাড়ানো যায় না।,Urgent,Emergency,0.5127,1
রাস্তার বিড়াল বা শিয়াল আঁচড়ানোর পর জায়গাটা লাল হয়া ফুইলা গেছে আর তীব্র জ্বালাপোড়া করতাছে।,Urgent,Routine,0.5865,1
পায়ের বুড়ো আঙুলের নখ মাংসের ভেতর ঢুকে পেকে পুঁজ আর রক্ত বাইর হইতাছে জুতা পরা যায় না।,Urgent,Urgent,0.9180,0
পেটে তীব্র মোচড়ানি ব্যথার সাথে বুক আর গলা টক পানিতে জ্বইলা যাইতাছে বমি বমি ভাব খুব।,Urgent,Urgent,0.8974,0
মাইগ্রেনের তীব্র ব্যথায় মাথার একপাশ ছিঁড়ে যাইতেছে আর ঘরের আলো বা কোনো শব্দ সহ্য হইতাছে না।,Urgent,Urgent,0.9419,0
বাচ্চার জ্বর ১০৩ ডিগ্রি পার হয়া গেছে আর সে চোখ বন্ধ কইরা ঝিমাইতাছে কোনো খাবারই মুখে দিতাছে না।,Urgent,Urgent,0.9348,0
অতিরিক্ত শারীরিক দুর্বলতা আর বুক ধড়ফড়ানির সাথে অল্প একটু হাঁটলেই দম ফুরায়া আসতাছে অলটাইম।,Urgent,Urgent,0.9383,0
পায়ের পুরনো ডায়াবেটিক ঘা হঠাৎ কইরা নীল হয়া গেছে আর সেখান থেইকা পচা দুর্গন্ধযুক্ত পুঁজ বাইর হইতাছে।,Urgent,Urgent,0.7019,0
দাঁতের মাড়ি ফুইলা পেকে রক্ত আর পুঁজ পড়তাছে আর সারা মুখ দুর্গন্ধ হয়া আছে কিছু চিবানো যায় না।,Urgent,Urgent,0.9722,0
স্তনের নিচে একটা শক্ত দলা বা গিঁট অনুভব করতাছি যা চাপ দিলে রগে টান লাগার মতো ব্যথা করে।,Urgent,Routine,0.7489,1
নাকের হাড় বাঁকা থাকার কারণে একদিকের নাক বন্ধ হয়া তীব্র মাথায় যন্ত্রণায় রাতে ঘুমানো যায় না।,Urgent,Urgent,0.8400,0
প্রস্রাব করার শেষে কয়েক ফোঁটা তাজা রক্ত আসতাছে আর তলপেটে তীব্র মোচড়ানি কামড়ানি ব্যথা।,Urgent,Urgent,0.8921,0
আয়োডিনযুক্ত লবণ খাওয়ার উপকারিতা কী আর এটি কি রান্না শেষে দেওয়া ভালো?,General Query,General Query,0.9999,0
শরীরে হিমোগ্লোবিন বাড়ানোর জন্য সবচেয়ে কার্যকরী খাবার কোনগুলা?,General Query,General Query,0.9995,0
বাচ্চাদের টিকার সিডিউল হারায়া ফেললে কি আবার নতুন কইরা টিকা দেওয়া যায়?,General Query,General Query,0.9959,0
বাচ্চাদের সর্দি কাশি বারবার হওয়া কি স্বাভাবিক নাকি ইমিউনিটি কম?,General Query,General Query,0.7025,0
পেট পরিষ্কার রাখার জন্য ইসবগুলের ভুষি খাওয়ার সঠিক নিয়ম কী?,General Query,General Query,0.9999,0
দাঁতের মাড়ি মজবুত করতে লবণ পানি দিয়ে কুলি করা কি প্রতিদিন উচিত?,General Query,General Query,0.9990,0
শরীরে আয়রনের শোষণের জন্য লেবু বা টক জাতীয় খাবার কি জরুরি?,General Query,General Query,0.9996,0
খাওয়ার পর দাঁত ব্রাশ করা কেন জরুরি আর দিনে কতবার করা ভালো?,General Query,General Query,0.9995,0
পায়ের পাতা মাঝে মাঝে ঝিনঝিন করে বিশেষ কইরা এক জায়গায় অনেকক্ষণ বইসা থাকলে।,Routine,Routine,0.9714,0
কানের লতির পেছনে ছোট একটা শক্ত দানার মতো হইছে যা টিপলে ব্যথা করে না একদম স্থির।,Routine,Routine,0.9672,0
শরীরের চামড়ায় মাঝে মাঝে ছোট ছোট লাল বিন্দুর মতো দেখা যায় যা পরে হারায়া যায়।,Routine,Routine,0.9986,0
শরীরের চামড়ায় মাঝে মাঝে হালকা একটু টান ভাব অনুভূত হয় বিশেষ কইরা শীতকালে।,Routine,Routine,0.9992,0
পায়ের পাতায় মাঝে মাঝে একটু বেশিই ঘাম হয় যার কারণে জুতা পরলে গন্ধ তৈরি হয়।,Routine,Routine,0.9986,0
হাতের আঙুলের নখগুলা মাঝে মাঝে একটু হলুদ হয়া যায় দেখতে অস্বস্তি লাগে ব্যথা নাই।,Routine,Routine,0.9991,0
পায়ের আঙুলের ফাঁকে মাঝে মাঝে একটু চুলকায় বিশেষ কইরা মোজা পরলে অস্বস্তি লাগে।,Routine,Routine,0.9992,0
অস্ত্রোপচারের জায়গায় হঠাৎ ফিনকি দিয়ে রক্ত ছুটছে কোনো ব্যান্ডেজেই রক্ত থামানো যাচ্ছে না।,Emergency,Emergency,0.9811,0
কেমিকেল চোখে পড়ার পর চোখের মণি গলে যাওয়ার মতো সাদা হয়া গেছে তীব্র যন্ত্রণায় রোগী অজ্ঞান।,Emergency,Emergency,0.9994,0
বাচ্চার গলায় চুইংগাম আটকে শ্বাসনালী বন্ধ হয়ে গেছে সে মুখ নীল করে ছটফট করছে প্রচণ্ড।,Emergency,Emergency,0.9987,0
হঠাৎ করে রোগীর শরীরের একপাশ পক্ষাঘাতগ্রস্তের মতো ঝুলে গেছে আর সে কথা বলতে পারছে না।,Emergency,Emergency,0.9947,0
পাথর হওয়ার ব্যথায় রোগী মেঝেতে লুটায়ে পড়ছে ব্যথাটা কোমর থেকে সামনের দিকে ছড়িয়ে যাচ্ছে।,Urgent,Emergency,0.6937,1
আক্কেল দাঁতের ব্যথায় গাল ফুইলা ঢোল হয়া গেছে আর কান পর্যন্ত দপদপ করে ব্যথা করতাছে।,Urgent,Urgent,0.9719,0
নখের কোণে একটু কালচে দাগ দেখা যাইতেছে মাসখানেক ধইরা কিন্তু কোনো পুঁজ বা ব্যথা নাই।,Routine,Routine,0.9997,0
বাচ্চাদের প্রথম দাঁত ওঠার সময় কি মাড়িতে বিশেষ কোনো যত্নের প্রয়োজন আছে কি না?,General Query,General Query,0.9975,0
বাচ্চাদের কত বছর বয়স থেকে ব্রাশ করার অভ্যাস করানো উচিত জানাবেন কি দয়া করে?,General Query,General Query,0.9986,0
খাবারে ওমেগা-৩ ফ্যাটি এসিডের উৎস কী কী আর এটি ব্রেইনের জন্য কেন দরকারি?,General Query,General Query,0.9994,0
হাতের নখের মাঝখানে লম্বাটে একটা খয়েরি দাগ দেখা যাইতেছে মাসখানেক ধইরা ব্যথা নাই।,Routine,Routine,0.9940,0
পিঠের চামড়ায় মাঝেমধ্যে সাদা ছোপ ছোপ দাগ দেখা যায় যা গোসলের পর বেশি স্পষ্ট হয়।,Routine,Routine,0.9959,0
চোখের মণি মাঝেমধ্যে একটু ঘোলাটে লাগে কিন্তু দূরে বা কাছের জিনিস দেখতে কোনো সমস্যা হয় না।,Routine,Routine,0.9993,0
পেটের চামড়ায় অনেকগুলা স্ট্রেচ মার্ক বা ফাটা দাগ দেখা যাইতেছে যা আগে ছিল না।,Routine,Routine,0.9993,0
পায়ের পাতার নিচে চামড়া অনেক দিন ধইরা হলুদ হয়া শক্ত হয়া আছে কিন্তু কোনো ব্যথা নাই।,Routine,Routine,0.9965,0
"মুখ ধোয়ার পর ত্বক টান টান লাগে, বিশেষ করে শীতকালে সমস্যা বাড়ে",Routine,Routine,0.9971,0
"মাথার পেছনে মাঝে মাঝে টান টান লাগে, বিশেষ করে কাজের চাপ থাকলে",Routine,Routine,0.9986,0
শ্বাস নিতে কষ্ট হচ্ছে আর মুখ আর ঠোঁট ফুলে যাচ্ছে দ্রুত,Emergency,Emergency,0.7248,0
"চোয়াল ভেঙে গেছে মনে হচ্ছে, মুখ বন্ধ করা যাচ্ছে না আর রক্ত পড়ছে",Emergency,Emergency,0.8851,0
"আজ সারাদিন মাথায় হালকা চাপ ছিল, কিন্তু কাজ চালিয়ে গেছি",Routine,Routine,0.9719,0
"কপালে ছোট একটা দাগ আছে, আগে আঘাত লেগেছিল",Routine,Emergency,0.6052,1
কপালে রোদে পোড়া হালকা দাগ আছে,Routine,Routine,0.9976,0
"হঠাৎ কইরা ডান কানে একদম শুনতে পারতাছি না, কোনো ব্যথা নাই কিন্তু পুরা নিস্তব্ধ হয়া গেছে।",Emergency,Emergency,0.9291,0
গলার স্বর মাঝেমধ্যে ভাইঙা যায় কিন্তু কয়েক ঘণ্টা পর আবার ঠিক হয়া যায়।,Routine,Routine,0.9921,0
নাকের হাড় বাঁকা হওয়ার কারণ এবং এর চিকিৎসা পদ্ধতি নিয়ে বিস্তারিত তথ্য বিবরণী দরকার।,General Query,General Query,0.9959,0
"নাকের ভেতর একটা মাংসপিণ্ড বাড়ছে মনে হয়, যার কারণে এক নাক দিয়া শ্বাস নিতে কষ্ট হয়।",Routine,Urgent,0.7889,1
"গলায় গরম চা পইড়া ছ্যাঁকা লাগছে, এখন গিলতে গেলে খুব জ্বালাপোড়া করে আর চামড়া উইঠা গেছে।",Urgent,Urgent,0.7000,0
গলার ভেতরে সাদা সাদা দাগ দেখা যাইতেছে আর মুখ দিয়া খুব দুর্গন্ধ বের হয়।,Routine,Urgent,0.5966,1
"গলার নিচে থাইরয়েড গ্রন্থিটা ফুইলা বড় হয়া গেছে মনে হয়, শ্বাস নিতে হালকা অস্বস্তি লাগে।",Routine,Urgent,0.7575,1
"কানে প্রচণ্ড যন্ত্রণার কারণে গত দুই রাত একদম ঘুমাইতে পারি নাই, মনে হয় ভেতরটা ফাইটা যাইতাছে।",Urgent,Urgent,0.8466,0
বুকে মাঝে মাঝে চাপ লাগে কিন্তু কয়েক মিনিট পর চলে যায়,Routine,Routine,0.9603,0
হাঁটার সময় বুক ধড়ফড় করে আর অস্বস্তি লাগে,Urgent,Routine,0.9951,1
সিঁড়ি উঠলে বুক একটু হাঁপিয়ে যায়,Routine,Routine,0.9895,0
বুকের মাঝে মাঝে টান লাগে কিন্তু কয়েক সেকেন্ড থাকে,Routine,Routine,0.9977,0
চশমা ব্যবহারের নিয়ম এবং লেন্স পরিষ্কার রাখার সাধারণ গাইডলাইন ইনফরমেশন দরকার।,General Query,General Query,0.9994,0
চোখের সাধারণ এলার্জি এবং ড্রপ ব্যবহারের প্রাথমিক সচেতনতামূলক তথ্য অনুসন্ধান করছি।,General Query,General Query,0.8753,0
"চোখের কোণায় একটা ছোট শক্ত গুটি হইছে, একটু চাপ লাগলে সামান্য টনটন করে কিন্তু পুঁজ নাই।",Routine,Routine,0.9926,0
"ঘুম থেইকা উইঠাই দেখি এক চোখের পাতা পুরা ঝুইলা পড়ছে, অনেক চেষ্টা করেও চোখ মেলতে পারতাছি না।",Emergency,Urgent,0.8082,1
হঠাৎ কইরা চোখের সামনে অনেকগুলা মশা বা মাছির মতো কালো বিন্দু ঘুরতাছে দেখি।,Urgent,Urgent,0.7110,0
চোখের ল্যাসিক সার্জারি করার যোগ্যতা এবং এর ঝুঁকি সম্পর্কে সাধারণ মেডিকেল তথ্য প্রয়োজন।,General Query,General Query,0.9703,0
"চোখের নিচের পাতার ভেতরে ছোট একটা লাল ফুসকুড়ি হইছে, চোখের ভেতর বালু ঢোকার মতো লাগে।",Routine,Routine,0.9056,0
কানে সামান্য ময়লা জমে থাকে মাঝে মাঝে,Routine,Routine,0.9769,0
কানে চাপ দিলে তীব্র ব্যথা লাগে,Urgent,Routine,0.5022,1
"নাকের ভেতর একটা শক্ত মাংসপিণ্ড দেখা যাচ্ছে, যার কারণে ডান নাক দিয়ে একদমই দম নিতে পারছি না।",Urgent,Urgent,0.5312,0
"নাকের ভেতর খুব বাজে গন্ধ পাওয়া যায় এবং সবসময় সর্দি লেগে থাকে, কপালও ভারী লাগে।",Urgent,Routine,0.9620,1
রোদে গেলে নাকের চারপাশ লাল হয়ে যায় কিন্তু কিছুক্ষণ পর ছায়ায় আসলে ঠিক হয়ে যায়।,Routine,Routine,0.9615,0
নাকের হাড়ের ওপরে একটা শক্ত উঁচু মাংসপিণ্ড হয়েছে যা দিন দিন শক্ত হয়ে যাচ্ছে।,Urgent,Urgent,0.5736,0
নাকের পাশে তিল বা জন্মদাগ দূর করার আধুনিক চিকিৎসা ব্যবস্থা সম্পর্কে তথ্য প্রয়োজন।,General Query,General Query,0.9990,0
নাক দিয়ে শ্বাস নিতে কষ্ট হচ্ছে আর কথা বলতে সমস্যা হচ্ছে,Urgent,Emergency,0.9943,1
নাকের পলিপাস কেন হয়?,General Query,General Query,0.9990,0
নাকের ঘ্রাণশক্তি কমে গেলে কি স্থায়ী সমস্যা হয়?,General Query,General Query,0.9981,0
নাক একটু বন্ধ লাগে কিন্তু স্বাভাবিকভাবে কাজ করছি,Routine,Routine,0.9996,0
নাকের ভেতর মাঝে মাঝে হালকা খুসখুস হয়,Routine,Routine,0.9994,0
নাক বন্ধ হয় শুধু রাতে,Routine,Routine,0.8963,0
নাকের পাশে ত্বক একটু রুক্ষ হয়েছে,Routine,Routine,0.9982,0
দাঁত সাদা করার নিরাপদ পদ্ধতি বা টিথ হোয়াইটেনিং সম্পর্কে সাধারণ ধারণা এবং তথ্য চাই।,General Query,General Query,0.9996,0
"জিহ্বা আর তালু একদম অবশ হয়ে গেছে, কোনো স্বাদ পাচ্ছি না আর কথা বলতেও কষ্ট হচ্ছে।",Emergency,Urgent,0.5380,1
দাঁতের মাড়িতে একটা বিচির মতো হয়েছে যা থেকে মাঝেমধ্যে রক্ত আর পুঁজ বের হয়।,Urgent,Urgent,0.5218,0
মুখের ভেতর মাঝে মাঝে শুষ্ক লাগে কিন্তু সমস্যা না,Routine,Routine,0.9997,0
ঠোঁট একটু কালচে হয়ে গেছে কিন্তু কোনো ব্যথা নেই,Routine,Routine,0.9835,0
দাঁতে ঠান্ডা লাগলে তীব্র শিরশির ব্যথা হয়,Urgent,Routine,0.9660,1
দাঁতে ব্যথা হলে কি সবসময় দাঁত তুলতে হয়?,General Query,General Query,0.9988,0
মুখের ভেতর ইনফেকশন প্রতিরোধের উপায় কী?,General Query,General Query,0.9988,0
মাড়ি একটু নরম লাগছে,Routine,Routine,0.9843,0
"টনসিল অনেক ফুলে লাল হয়ে আছে আর সাদা সাদা পুঁজের মতো দেখা যাচ্ছে, প্রচণ্ড জ্বর।",Urgent,Urgent,0.8660,0
ঘাড়ের চামড়ায় ছোট ছোট লাল দানা উঠেছে যা খুব চুলকায় কিন্তু অন্য কোনো সমস্যা নেই।,Routine,Routine,0.9988,0
মাথায় আঘাত পাওয়ার পর ঘাড় শক্ত হয়ে গেছে আর লোকটা আলো সহ্য করতে পারছে না।,Emergency,Emergency,0.9846,0
সার্ভাইকাল স্পন্ডিলোসিস বা ঘাড়ের হাড় ক্ষয়ের সাধারণ লক্ষণ ও প্রতিকার সম্পর্কে তথ্য চাই।,General Query,General Query,0.9982,0
ঘাড়ের পেছনের ত্বকে সাদা সাদা ছোপ দেখা যাচ্ছে যা মাঝেমধ্যে চুলকায়।,Routine,Routine,0.9882,0
"পাঁজরের একপাশে ব্যথা যেটা জোরে শ্বাস নিলে বা কাশলে বাড়ে, গত দুইদিন ধরে এমন হচ্ছে।",Urgent,Urgent,0.8333,0
বুকের ভেতরে ঘড়ঘড় শব্দ হয় আর অনেক চেষ্টা করেও কফ বের করা যাচ্ছে না।,Urgent,Urgent,0.9115,0
বুকের ভেতর হঠাৎ করে গরম রক্ত চলাচলের মতো অনুভূতি হচ্ছে আর মানুষটা মাথা ঘুরে পড়ে গেছে।,Emergency,Emergency,0.8901,0
হার্টের ভালভ জনিত সমস্যার সাধারণ লক্ষণ এবং এর চিকিৎসা পদ্ধতি সম্পর্কে জানতে আগ্রহী।,General Query,General Query,0.9998,0
বুকের ভেতর হঠাৎ করে তীব্র তীক্ষ্ণ ব্যথা শুরু হয়েছে যা নিঃশ্বাস নিতে বাধা দিচ্ছে।,Emergency,Emergency,0.7807,0
হার্টের পেসমেকার বসানোর কারণ এবং এর স্থায়িত্ব সম্পর্কে সাধারণ ডেন্টাল তথ্য চাই।,General Query,General Query,0.9998,0
জন্মগত হার্টের ছিদ্র বা এএসডি (asd) রোগের লক্ষণ এবং এর সাধারণ চিকিৎসা ব্যবস্থা জানতে চাই।,General Query,General Query,0.9989,0
নাভির চারপাশে গোল হয়ে ফুলে আছে আর কাশি দিলে সেই জায়গাটা আরও বের হয়ে আসে।,Urgent,Urgent,0.8555,0
পেটে প্রচণ্ড আঘাতের পর বমির সাথে টাটকা লাল রক্ত আসছে আর শরীর ফ্যাকাশে হয়ে যাচ্ছে।,Emergency,Emergency,0.9555,0
পেটের আলট্রাসনোগ্রাম (usg) করার নিয়ম এবং এর মাধ্যমে কী কী ধরা পড়ে তা জানতে চাই।,General Query,General Query,0.9998,0
হঠাৎ করে তলপেটে অসহ্য ব্যথা শুরু হয়েছে আর জরায়ু দিয়ে প্রচুর রক্তক্ষরণ হচ্ছে।,Emergency,Emergency,0.9985,0
তলপেটে প্রচণ্ড ব্যথার সাথে প্রচুর পরিমাণে সাদা স্রাব নির্গত হচ্ছে অনেকদিন ধরে।,Urgent,Urgent,0.9161,0
পেটের আলসার বা ক্ষত সারাতে কি বিশেষ কোনো ভেষজ বা প্রাকৃতিক প্রতিকার আছে?,General Query,General Query,0.9998,0
কোষ্ঠকাঠিন্য বা কষা পায়খানা দূর করার সাধারণ ঘরোয়া উপায় এবং সিরাপের নাম জানতে আগ্রহী।,General Query,General Query,0.9991,0
"মলদ্বার ফেটে গিয়ে বা চিড় ধরে প্রচণ্ড ব্যথা হচ্ছে, মনে হচ্ছে কাঁচ দিয়ে কাটছে।",Urgent,Emergency,0.8645,1
হঠাৎ মলদ্বার দিয়ে প্রচুর পরিমাণে রক্তক্ষরণ হচ্ছে আর মানুষটা ফ্যাকাশে হয়ে জ্ঞান হারিয়েছে।,Emergency,Emergency,0.9986,0
পায়ুপথের পাশে একটা ছিদ্র দেখা যাচ্ছে যেখান থেকে মাঝেমধ্যে রক্ত আর পুঁজ বের হয়।,Urgent,Urgent,0.8523,0
কিডনির পাশে প্রচণ্ড ব্যথার সাথে অনেক বেশি জ্বর আর কাঁপুনি আসছে গত রাত থেকে।,Urgent,Urgent,0.8614,0
প্রোস্টেট বড় হয়ে যাওয়ার লক্ষণ এবং এর সাধারণ চিকিৎসা পদ্ধতি সম্পর্কে জানতে চাই।,General Query,General Query,0.9968,0
প্রস্রাবের সময় প্রচণ্ড শীত করছে আর কাঁপুনি দিয়ে জ্বর আসছে সাথে পিঠের নিচে ব্যথা।,Urgent,Urgent,0.8969,0
ডায়াবেটিস রোগীদের কিডনি সুরক্ষায় বিশেষ কোনো টিপস আছে কি? জানতে আগ্রহী।,General Query,General Query,0.9993,0
জরায়ু মুখের ক্যান্সার বা জরায়ু টিউমারের সাধারণ লক্ষণসমূহ সম্পর্কে তথ্য প্রয়োজন।,General Query,General Query,0.9986,0
অণ্ডকোষের থলি হঠাৎ করে অনেক বড় হয়ে ফুলে গেছে কিন্তু কোনো ব্যথা নেই।,Urgent,Routine,0.7038,1
যৌনাঙ্গের হারপিস বা এই জাতীয় ইনফেকশনের সাধারণ উপসর্গ ও চিকিৎসা জানতে আগ্রহী।,General Query,General Query,0.9953,0
যৌনাঙ্গের পরিচ্ছন্নতার জন্য কি বিশেষ কোনো ওয়াশ বা সাবান ব্যবহার করা জরুরি?,General Query,General Query,0.9994,0
মেরুদণ্ডের এমআরআই (mri) করার নিয়ম এবং এটি কেন করা হয় সে সম্পর্কে তথ্য প্রয়োজন।,General Query,General Query,0.9995,0
হঠাৎ করে কোমরে প্রচণ্ড সুঁই ফোটানো ব্যথা শুরু হয়েছে আর মানুষটা যন্ত্রণায় চিৎকার করছে।,Emergency,Emergency,0.9513,0
কোমর ব্যথার জন্য কি বিছানা শক্ত হওয়া জরুরি? এই বিষয়ে সাধারণ পরামর্শ প্রয়োজন।,General Query,General Query,0.9991,0
"কবজিতে মাঝেমধ্যে ঝিনঝিন করে আর বুড়ো আঙুলে কোনো শক্তি পাচ্ছি না, বিশেষ করে রাতে বাড়ে।",Urgent,Routine,0.8960,1
"আঙুলের নখ নীল হয়ে যাচ্ছে আর শ্বাস নিতে খুব কষ্ট হচ্ছে, মনে হচ্ছে অক্সিজেন পাচ্ছি না।",Emergency,Emergency,0.9926,0
হাতের নখের নিচে পুঁজ জমে অনেক ফুলে আছে আর টনটনানি ব্যথায় ঘুমাতে পারছি না।,Urgent,Urgent,0.8789,0
কাঁধের হাড়ের যক্ষ্মা বা ইনফেকশন হলে কী কী শারীরিক সমস্যা দেখা দিতে পারে? তথ্য চাই।,General Query,General Query,0.9996,0
বাহুর হাড়ের ওপর হাত দিলে মনে হয় হাড়টা অসমতল বা উঁচু-নিচু হয়ে আছে।,Urgent,Urgent,0.5985,0
হাতে কোনো ইনজেকশন দেওয়ার পর সেই জায়গাটা কালো হয়ে গেছে আর হাত অবশ হয়ে আসছে।,Emergency,Emergency,0.9859,0
"হাতের কবজি দিয়ে শক্তি পাচ্ছি না, গ্লাস বা পানির বোতল ধরতে গেলেই হাত থেকে পড়ে যায়।",Urgent,Urgent,0.6050,0
কনুইয়ের ভেতরের দিকে হাত দিলে ইলেকট্রিক শকের মতো ঝিনঝিন করে যা আঙুল পর্যন্ত যায়।,Routine,Urgent,0.5858,1
আঙুলের ডগাগুলো অবশ হয়ে আছে আর কোনো গরম বা ঠান্ডা জিনিসের স্পর্শ অনুভব করছি না।,Urgent,Urgent,0.7489,0
আঙুলের মাথায় বরফ জমে গিয়ে আঙুল একদম কালো হয়ে গেছে আর কোনো সাড়া নেই।,Emergency,Emergency,0.7874,0
"হাঁটুর হাড় মট করে শব্দ হয়ে ভেতরে ঢুকে গেছে আর পা একদম সোজা করতে পারছি না, প্রচণ্ড ব্যথা।",Emergency,Urgent,0.6089,1
উরুর ওপর কোনো ভারী বস্তু পড়ার পর পা একদম অবশ হয়ে গেছে আর প্রচুর রক্ত বের হচ্ছে।,Emergency,Emergency,0.9656,0
পায়ের আঙুলের ডগাগুলো হঠাৎ করেই নীল হয়ে যাচ্ছে আর শ্বাস নিতে খুব কষ্ট হচ্ছে।,Emergency,Emergency,0.9706,0
গোড়ালির চামড়া ফেটে চৌচির হয়ে গেছে আর মাঝে মাঝে সেখান থেকে রক্ত বের হয়।,Routine,Urgent,0.7712,1
হাঁটুর এসিএল (acl) ইনজুরি এবং এর অপারেশন পরবর্তী ফিজিওথেরাপি সম্পর্কে সাধারণ তথ্য চাই।,General Query,General Query,0.9968,0
পায়ের গোড়ালি মচকে গেলে ব্যান্ডেজ কতদিন বেঁধে রাখা উচিত সে বিষয়ে তথ্য প্রয়োজন।,General Query,General Query,0.9940,0
পায়ের বাছুর পেশি হঠাৎ শক্ত হয়ে কাঠ হয়ে গেছে আর পা নাড়ানো যাচ্ছে না।,Urgent,Urgent,0.5402,0
পায়ের বুড়ো আঙুলের নখ কুঁচকে মাংসের ভেতর ঢুকে গেছে আর প্রচণ্ড পুঁজ হচ্ছে।,Urgent,Urgent,0.8537,0
হাঁটুর ব্যথার জন্য কি প্রতিদিন ক্যালসিয়াম সাপ্লিমেন্ট নেওয়া জরুরি? সাধারণ তথ্য চাই।,General Query,General Query,0.9992,0
পায়ের পাতায় সবসময় একটা ভেজা ভাব থাকে আর আঙুলের ফাঁকে ঘা হয়ে চামড়া উঠে যায়।,Routine,Routine,0.8473,0
পায়ের গোড়ালির হাড় বেড়ে যাওয়া কি স্থায়ীভাবে সারানো সম্ভব? সাধারণ তথ্য প্রয়োজন।,General Query,General Query,0.9895,0
পায়ের আঙুলের ডগাগুলো অবশ হয়ে আছে আর কোনো গরম বা ঠান্ডা জিনিসের স্পর্শ অনুভব করছি না।,Urgent,Urgent,0.8477,0
হাঁটুর হাড়ের ক্যান্সারের প্রাথমিক উপসর্গগুলো কী কী হতে পারে তার সাধারণ তথ্য চাই।,General Query,General Query,0.9995,0
উরুর হাড় সরে গেছে মনে হচ্ছে আর পা-টা অদ্ভুতভাবে ছোট হয়ে গেছে।,Emergency,Emergency,0.8617,0
পায়ের পাতার স্নায়ুর সমস্যা (neuropathy) কমানোর সাধারণ উপায়গুলো সম্পর্কে জানতে চাই।,General Query,General Query,0.9996,0
ত্বকের ক্যান্সারের প্রাথমিক লক্ষণ এবং তিলের আকৃতি পরিবর্তন হওয়া নিয়ে সচেতনতা প্রয়োজন।,General Query,General Query,0.9553,0
কুঁচকিতে চুলকানির পর জায়গাটা একদম চামড়া উঠে গিয়ে দগদগে লাল হয়ে আছে।,Routine,Urgent,0.8757,1
কুঁচকিতে হার্পিস বা এই জাতীয় ইনফেকশনের সাধারণ উপসর্গ ও চিকিৎসা জানতে আগ্রহী।,General Query,General Query,0.9969,0
হঠাৎ করে শরীরের চামড়া নীলচে হয়ে গেছে আর রোগী শ্বাস নিতে পারছে না।,Emergency,Emergency,0.9993,0
ঘাড়ের ব্যথার সাথে ডান হাতটা পুরো অবশ হয়ে আসছে আর হাতের জোর কমে যাচ্ছে।,Urgent,Emergency,0.8147,1
হঠাৎ কথা বলতে কষ্ট হচ্ছে আর হাতের তালু একদম অবশ হয়ে হাত থেকে মোবাইল পড়ে যাচ্ছে।,Emergency,Emergency,0.9817,0
হাতের আঙুলগুলো কাঁপতে থাকে আর চা খেতে গেলে কাপ থেকে চা পড়ে যায়।,Routine,Routine,0.9062,0
বিপাকীয় সমস্যার কারণে কি হাত-পা অবশ হতে পারে? এই বিষয়ে সাধারণ তথ্য চাই।,General Query,General Query,0.9996,0
পায়ের শিরাগুলো ফুলে গেছে আর পা সবসময় ভারী ও অবশ মনে হয়।,Routine,Urgent,0.9223,1
স্নায়ু উত্তেজনা বা প্যানিক অ্যাটাকের সময় হাত-পা অবশ হওয়া কমানোর উপায় কী?,General Query,General Query,0.9546,0
হাত-পা জ্বালাপোড়া কমানোর জন্য কি কোনো ঠান্ডা প্যাক বা জেল ব্যবহার করা নিরাপদ?,General Query,General Query,0.9974,0
স্নায়বিক ব্যথার জন্য কি গরম পানির ভাপ নেওয়া উপকারী? সাধারণ তথ্য জানতে চাই।,General Query,General Query,0.9998,0
হাতের কোনো স্নায়ু বা রগ ফুলে আছে মনে হয় আর হাত দিলে দপদপানি অনুভূত হয়।,Routine,Routine,0.5496,0
পায়ের গোড়ালি থেকে কোমর পর্যন্ত রগ টান লেগে হাঁটাচলা করা একদম অসম্ভব হয়ে পড়েছে।,Urgent,Urgent,0.7665,0
স্নায়ুর সমস্যায় কি আকুপাংচার পদ্ধতি নিরাপদ ও বিজ্ঞানসম্মত? তথ্য চাই।,General Query,General Query,0.9995,0
অজ্ঞান হওয়ার পর রোগীর চোখের মণি একদম বড় হয়ে গেছে আর নড়ছে না।,Emergency,Emergency,0.9965,0
অজ্ঞান হয়ে পড়ে গিয়ে কপাল ফেটে প্রচুর রক্তপাত হচ্ছে এবং রোগী অচেতন।,Emergency,Emergency,0.9992,0
শরীরের সব জয়েন্টে ব্যথার সাথে শরীর অসম্ভব ভারী অনুভূত হচ্ছে।,Routine,Urgent,0.9261,1
অজ্ঞান হওয়ার পর রোগী জেগে উঠেও কিছুই মনে করতে পারছে না।,Urgent,Emergency,0.7152,1
শ্বাসকষ্ট এবং দুর্বলতার সাথে পায়ের তালু ফ্যাকাশে সাদা হয়ে গেছে।,Urgent,Urgent,0.7030,0
অতিরিক্ত চিন্তা করার কারণে কি মাথায় ব্যথা বা মাইগ্রেন বাড়তে পারে?,General Query,General Query,0.9735,0
"হঠাৎ করে কান্নাকাটি শুরু করি আর নিজেকে সামলাতে পারি না, মনে হয় দম আটকে আসবে।",Urgent,Urgent,0.7317,0
বুকে প্রচণ্ড চাপ অনুভব করছি আর চারপাশ কেমন যেন অচেনা লাগছে (derealization)।,Emergency,Emergency,0.8622,0
ঘুমের ওষুধের প্রতি আসক্তি কমানোর উপায় এবং এর দীর্ঘমেয়াদী ঝুঁকিগুলো কী?,General Query,General Query,0.9998,0
কারো সাথে কথা বললে তোতলাচ্ছি আর বুক ধড়ফড় করে ঘাম দিচ্ছে।,Routine,Routine,0.6160,0
দুশ্চিন্তার সময় বুকে চিনচিনে ব্যথা আর পিঠের দিকটা অবশ মনে হওয়া।,Urgent,Urgent,0.5448,0
ডিপ্রেশনের সাথে কি হজমের সমস্যা বা কোষ্ঠকাঠিন্যের কোনো যোগসূত্র আছে?,General Query,General Query,0.9991,0
ঘুমের মধ্যে শ্বাস বন্ধ হয়ে আসে আর মনে হয় কেউ আমার ওপর চেপে বসেছে (sleep apnea)।,Urgent,Urgent,0.6556,0
খাবার খাওয়ার পর খুব অপরাধ বোধ হয় আর ইচ্ছা করে বমি করে দিই।,Urgent,Urgent,0.6112,0
মাঝেমধ্যে নিজেকে আঘাত করতে ইচ্ছা করে যেমন নিজের হাত নিজেই কামড়ানো।,Urgent,Urgent,0.4208,0
বাচ্চার জ্বরের সাথে বারবার বমি হচ্ছে এবং সে কোনো তরল খাবার পেটে রাখতে পারছে না।,Urgent,Urgent,0.6447,0
বাচ্চা হঠাৎ কোনো ছোট খেলনা বা দানা গিলে ফেলেছে আর তার দম বন্ধ হয়ে আসছে।,Emergency,Emergency,0.9920,0
শিশুর জ্বরের সময় নাপা সাপোজিটরি কতক্ষণ পরপর দেওয়া যায়? নিয়ম জানতে চাই।,General Query,General Query,0.9901,0
শিশুর যক্ষ্মা টিকার দাগ না হলে কি পুনরায় টিকা দেওয়া প্রয়োজন? তথ্য দিন।,General Query,General Query,0.9985,0
শিশুর দাঁত ওঠার সময় কি জ্বর বা পাতলা পায়খানা হওয়া স্বাভাবিক? তথ্য দিন।,General Query,General Query,0.9204,0
শিশুর কোষ্ঠকাঠিন্য দূর করার জন্য খাবারে কী কী পরিবর্তন আনা দরকার?,General Query,General Query,0.9998,0
বাচ্চার প্রস্রাবের জায়গায় লাল হয়ে গেছে আর সে প্রস্রাব করতে গেলে কান্নাকাটি করে।,Urgent,Emergency,0.9924,1
শিশুর বিছানায় প্রস্রাব করার অভ্যাস (bedwetting) কত বছর পর্যন্ত স্বাভাবিক?,General Query,Urgent,0.4633,1
পার্কিনসন রোগের লক্ষণ হিসেবে কি হাত-পা কাঁপা এবং হাঁটার ধীরগতি হতে পারে?,General Query,General Query,0.9963,0
"হাঁটুতে ব্যথার কারণে সিঁড়ি দিয়ে ওঠা একদম অসম্ভব হয়ে পড়েছে, কী করা উচিত?",Routine,General Query,0.8085,1
বয়স্কদের ফ্লু বা নিউমোনিয়ার টিকা দেওয়া কি বাধ্যতামূলক? তথ্য দিয়ে সাহায্য করুন।,General Query,General Query,0.9991,0
পায়ের তালু জ্বালাপোড়া করার কারণে রাতে হাঁটাহাঁটি করতে সমস্যা হচ্ছে।,Routine,Routine,0.6226,0
স্মৃতিশক্তি লোপ পাওয়া কি বয়সের স্বাভাবিক ধর্ম নাকি এটি কোনো রোগ?,General Query,General Query,0.9974,0
হালকা দুর্বল লাগে,Routine,Routine,0.9993,0
"স্যার, কিছুক্ষণ আগে এটা নিয়ে চিন্তা করা উচিত কি, সাহায্য দরকার",General Query,General Query,0.9991,0
সকাল থেকে শরীর ক্লান্ত লাগে এবং দয়া করে বলবেন,Routine,Routine,0.9870,0
শরীর ঠিক লাগছে না,Urgent,Urgent,0.9190,0
সকাল থেকে মাথা ভারী লাগছে এবং দয়া করে বলবেন,Urgent,Urgent,0.9778,0
"আজকে বুঝতে পারলাম, হালকা কাশি আছে",Routine,Routine,0.9992,0
"কিছুক্ষণ আগে বুঝলাম, গ্যাসের সমস্যা হচ্ছে",Routine,Routine,0.9997,0
"দুই দিন ধরে এই অবস্থায় কি করবো, খুব চিন্তায় আছি",General Query,General Query,0.9999,0
"গতকাল বারবার বমি হচ্ছে, এটা কি বিপজ্জনক",Urgent,Urgent,0.9817,0
"ডাক্তার, হঠাৎ এই অবস্থায় কি করবো",General Query,General Query,0.9999,0
গত কয়েকদিন ধরে ডাক্তার দেখানো দরকার কি এবং স্বাভাবিক লাগছে না,General Query,General Query,0.9977,0
"কিছুক্ষণ আগে বুঝলাম, ৩ দিন ধরে দাঁড়িয়ে থাকতে পারছি না",Emergency,Emergency,0.9944,0
"শরীর কাঁপছে, এটা নিয়ে চিন্তা হচ্ছে",Urgent,Urgent,0.9873,0
"৩ দিন ধরে শরীর গরম লাগছে, এটা নিয়ে চিন্তা হচ্ছে",Urgent,Urgent,0.9760,0
"গতকাল থেকে লক্ষ্য করছি, হালকা চাপ অনুভব করি, এটা নিয়ে চিন্তা হচ্ছে",Routine,Routine,0.9999,0
হঠাৎ চোখে জ্বালা করে,Routine,Routine,0.9859,0
হঠাৎ হাত-পা অবশ লাগছে এবং স্বাভাবিক লাগছে না,Emergency,Emergency,0.9959,0
এটা কি বড় সমস্যা.,General Query,General Query,0.9997,0
আজকে চোখের সামনে সব ঝাপসা দেখছি এবং দয়া করে বলবেন,Emergency,Emergency,0.9991,0
বারবার বমি হচ্ছে. খুব চিন্তায় আছি,Urgent,Urgent,0.9833,0
"রাত থেকে মনে হচ্ছে জ্ঞান হারিয়ে ফেলবো, কি করবো বুঝতে পারছি না",Emergency,Emergency,0.9988,0
"কিছুক্ষণ আগে বুঝলাম, অনেকদিন ধরে হালকা কাশি আছে, সাহায্য দরকার",Routine,Routine,0.9997,0
"ডাক্তার, বমি বমি ভাব হচ্ছে",Urgent,Urgent,0.9909,0
হঠাৎ বুকের মাঝখানে তীব্র ব্যথা শুরু হয়েছে এবং,Emergency,Emergency,0.9962,0
"ঘুমাতে পারছি না, কি করা উচিত",Urgent,Urgent,0.9677,0
দাঁড়িয়ে থাকতে পারছি না. দয়া করে বলবেন,Emergency,Emergency,0.9940,0
৩ দিন ধরে মাথা একটু ভারী লাগে এবং এটা কি বিপজ্জনক,Routine,Routine,0.9860,0
"আজ এই অবস্থায় কি করবো, স্বাভাবিক লাগছে না",General Query,General Query,0.9997,0
"একটা বিষয় নিয়ে চিন্তায় আছি, হাত-পা অবশ লাগছে, সাহায্য দরকার",Emergency,Emergency,0.9973,0
চিকিৎসা কি হতে পারে. স্বাভাবিক লাগছে না,General Query,General Query,0.9996,0
"কিছুক্ষণ আগে বুঝলাম, কিছুক্ষণ আগে হঠাৎ বুকের মাঝখানে তীব্র ব্যথা শুরু হয়েছে",Emergency,Emergency,0.9955,0
"গতকাল থেকে লক্ষ্য করছি, আজ কোন বিভাগে দেখাবো, সাহায্য দরকার",General Query,General Query,0.9913,0
রাত থেকে দাঁড়িয়ে থাকতে পারছি না এবং কি করবো বুঝতে পারছি না,Emergency,Emergency,0.9942,0
"অনেক চিন্তায় আছি, এটা কি বড় সমস্যা,",General Query,General Query,0.9983,0
"এটা কি বড় সমস্যা, কি করা উচিত",General Query,General Query,0.9999,0
"কিছুক্ষণ আগে বুঝলাম, আজ এটা কি বড় সমস্যা, সাহায্য দরকার",General Query,General Query,0.9968,0
গতকাল চোখে জ্বালা করে এবং দয়া করে বলবেন,Routine,Routine,0.9903,0
আজ মনে হচ্ছে জ্ঞান হারিয়ে ফেলবো এবং খুব চিন্তায় আছি,Emergency,Emergency,0.9996,0
গতকাল কি করা উচিত,General Query,General Query,0.9997,0
এইমাত্র বুকের ভেতর চাপ অনুভব করছি এবং স্বাভাবিক লাগছে না,Emergency,Emergency,0.9982,0
"হঠাৎ এমন হয়েছে, হাত-পা অবশ লাগছে",Emergency,Emergency,0.9981,0
"স্যার, এটা কি বড় সমস্যা",General Query,General Query,0.9994,0
অনেকদিন ধরে কি করা উচিত,General Query,General Query,0.9991,0
আজ মনে হচ্ছে জ্ঞান হারিয়ে ফেলবো এবং স্বাভাবিক লাগছে না,Emergency,Emergency,0.9996,0
গতকাল এটা নিয়ে চিন্তা করা উচিত কি এবং,General Query,General Query,0.9999,0
শরীর দুর্বল লাগছে,Urgent,Urgent,0.9662,0
গতকাল গলা ব্যথা করছে,Urgent,Urgent,0.9707,0
"স্যার, দাঁড়িয়ে থাকতে পারছি না, এটা নিয়ে চিন্তা হচ্ছে",Emergency,Emergency,0.9996,0
"একটু সাহায্য দরকার, ঘাড়ে অস্বস্তি লাগে",Routine,Routine,0.9991,0
"হঠাৎ এমন হয়েছে, গতকাল হঠাৎ বুকের মাঝখানে তীব্র ব্যথা শুরু হয়েছে",Emergency,Emergency,0.9985,0
"স্যার, বুকের ভেতর চাপ অনুভব করছি, অনেক অস্বস্তি হচ্ছে",Emergency,Emergency,0.9956,0
"কিছুক্ষণ আগে বুঝলাম, শ্বাস নিতে খুব কষ্ট হচ্ছে",Emergency,Emergency,0.9977,0
অনেকদিন ধরে হালকা কাশি আছে এবং অনেক অস্বস্তি হচ্ছে,Routine,Routine,0.9993,0
"একটা বিষয় নিয়ে চিন্তায় আছি, হালকা ব্যথা আছে",Routine,Routine,0.9961,0
আজ গ্যাসের সমস্যা হচ্ছে,Routine,Routine,0.9978,0
আজ খাবার খেতে ইচ্ছা করছে না,Urgent,Urgent,0.8570,0
"গতকাল থেকে লক্ষ্য করছি, বমি বমি ভাব হচ্ছে, এটা নিয়ে চিন্তা হচ্ছে",Urgent,Urgent,0.9851,0
"ডাক্তার, আজকে বারবার বমি হচ্ছে, সাহায্য দরকার",Urgent,Urgent,0.9408,0
"হঠাৎ এমন হয়েছে, ঘাড় শক্ত লাগে",Routine,Routine,0.9934,0
"গত কয়েকদিন ধরে বারবার বমি হচ্ছে, দয়া করে বলবেন",Urgent,Urgent,0.9902,0
"আজকে বারবার বমি হচ্ছে, এটা নিয়ে চিন্তা হচ্ছে",Urgent,Urgent,0.9736,0
"স্যার, এইমাত্র হালকা দুর্বল লাগে",Routine,Routine,0.9998,0
"আজকে বুঝতে পারলাম, রাত থেকে হাত-পা অবশ লাগছে, সাহায্য দরকার",Emergency,Emergency,0.9921,0
সকাল থেকে মাথা একটু ভারী লাগে এবং খুব চিন্তায় আছি,Routine,Routine,0.9947,0
হালকা ব্যথা আছে. খুব চিন্তায় আছি,Routine,Routine,0.9993,0
গত কয়েকদিন ধরে এটা নিয়ে চিন্তা করা উচিত কি এবং কি করবো বুঝতে পারছি না,General Query,General Query,0.9996,0
"হালকা কাশি আছে, কি করা উচিত",Routine,Routine,0.9993,0
রাত থেকে বুকের ভেতর চাপ অনুভব করছি এবং অনেক অস্বস্তি হচ্ছে,Emergency,Emergency,0.9913,0
"আজকে হালকা কাশি আছে, অনেক অস্বস্তি হচ্ছে",Routine,Routine,0.9995,0
"কিছুক্ষণ আগে বুঝলাম, গত কয়েকদিন ধরে শরীর হঠাৎ কাঁপতে শুরু করেছে",Emergency,Emergency,0.9900,0
হালকা চাপ অনুভব করি. স্বাভাবিক লাগছে না,Routine,Routine,0.9839,0
"ডাক্তার, হালকা মাথা ঘোরে",Routine,Routine,0.9905,0
"৩ দিন ধরে হালকা চাপ অনুভব করি, স্বাভাবিক লাগছে না",Routine,Routine,0.9989,0
"কিছুক্ষণ আগে বুঝলাম, হঠাৎ হালকা কাশি আছে, সাহায্য দরকার",Routine,Routine,0.9994,0
অনেকদিন ধরে হঠাৎ প্রচণ্ড দুর্বল লাগছে এবং কি করবো বুঝতে পারছি না,Emergency,Emergency,0.9833,0
গ্যাসের সমস্যা হচ্ছে. খুব চিন্তায় আছি,Routine,Routine,0.9931,0
"একটু সাহায্য দরকার, বুকের ভেতরে চাপ দিয়ে ধরছে",Emergency,Emergency,0.9942,0
"কিছুক্ষণ আগে বুঝলাম, গতকাল হঠাৎ শরীর অসাড় লাগছে",Emergency,Emergency,0.9891,0
"অনেকদিন ধরে হঠাৎ বুকের মাঝখানে তীব্র ব্যথা শুরু হয়েছে, খুব চিন্তায় আছি",Emergency,Emergency,0.9982,0
"বুকের ভেতর চাপ অনুভব করছি, এটা কি স্বাভাবিক",Emergency,Emergency,0.9807,0
কিছুক্ষণ আগে শরীর দুর্বল লাগছে এবং এটা কি বিপজ্জনক,Urgent,Urgent,0.9273,0
কোন বিভাগে দেখাবো এবং এটা কি বিপজ্জনক,General Query,General Query,0.9999,0
"অনেক চিন্তায় আছি, ৩ দিন ধরে শ্বাস নিতে খুব কষ্ট হচ্ছে, সাহায্য দরকার",Emergency,Emergency,0.9993,0
"কিছুক্ষণ আগে বুঝলাম, আজকে কথা বলতে সমস্যা হচ্ছে",Emergency,Emergency,0.9968,0
গত কয়েকদিন ধরে বমি বমি ভাব হচ্ছে,Urgent,Urgent,0.9922,0
"গতকাল থেকে লক্ষ্য করছি, কিছুক্ষণ আগে বুকের ভেতরে চাপ দিয়ে ধরছে",Emergency,Emergency,0.9979,0
"হঠাৎ শ্বাস নিতে খুব কষ্ট হচ্ছে, খুব চিন্তায় আছি",Emergency,Emergency,0.9998,0
"হালকা কাশি আছে, এটা কি স্বাভাবিক",Routine,Routine,0.9994,0
"হঠাৎ শরীর অসাড় লাগছে, কি করা উচিত",Emergency,Emergency,0.9995,0
"একটা বিষয় নিয়ে চিন্তায় আছি, হঠাৎ পেটে অস্বস্তি হচ্ছে",Urgent,Urgent,0.9615,0
গতকাল হাত-পা অবশ লাগছে,Emergency,Emergency,0.9966,0
"গতকাল থেকে লক্ষ্য করছি, গতকাল কিভাবে ঠিক হবে, সাহায্য দরকার",General Query,General Query,0.9977,0
"সকাল থেকে চোখের সামনে সব ঝাপসা দেখছি, কি করবো বুঝতে পারছি না",Emergency,Emergency,0.9996,0
শরীর গরম লাগছে. কি করবো বুঝতে পারছি না,Urgent,Urgent,0.9179,0
"কিছুক্ষণ আগে বুঝলাম, কোন বিভাগে দেখাবো,",General Query,General Query,0.9835,0
সকাল থেকে মাথা ভারী লাগছে এবং স্বাভাবিক লাগছে না,Urgent,Urgent,0.9717,0
"এটা কি বড় সমস্যা, এটা কি স্বাভাবিক",General Query,General Query,0.9999,0
"ডাক্তার, হঠাৎ শরীর ক্লান্ত লাগে",Routine,Routine,0.9864,0
"একটা বিষয় নিয়ে চিন্তায় আছি, হালকা কাশি আছে, দয়া করে বলবেন",Routine,Routine,0.9987,0
"কোন বিভাগে দেখাবো, এটা কি স্বাভাবিক",General Query,General Query,0.9996,0
"হঠাৎ এমন হয়েছে, ৩ দিন ধরে ঘুমাতে পারছি না, সাহায্য দরকার",Urgent,Urgent,0.9889,0
"মাথা ঘুরে পড়ে গিয়েছিলাম, খুব চিন্তায় আছি",Emergency,Emergency,0.9997,0
"স্যার, সকাল থেকে হঠাৎ বুকের মাঝখানে তীব্র ব্যথা শুরু হয়েছে, সাহায্য দরকার",Emergency,Emergency,0.9976,0
"একটু সাহায্য দরকার, এটা নিয়ে চিন্তা করা উচিত কি",General Query,General Query,0.9999,0
আজ কোন ডাক্তার দেখাবো,General Query,General Query,0.9999,0
"ডাক্তার, দুই দিন ধরে গলা ব্যথা করছে",Urgent,Urgent,0.9657,0
৩ দিন ধরে গলা ব্যথা করছে,Urgent,Urgent,0.9682,0
ঘুমাতে পারছি না. কি করবো বুঝতে পারছি না,Urgent,Urgent,0.8967,0
"একটা বিষয় নিয়ে চিন্তায় আছি, এটা কি বড় সমস্যা",General Query,General Query,0.9946,0
গতকাল হঠাৎ শরীর অসাড় লাগছে,Emergency,Emergency,0.9967,0
কোন বিভাগে দেখাবো. এটা কি বিপজ্জনক,General Query,General Query,0.9998,0
কিছুক্ষণ আগে শরীর ক্লান্ত লাগে এবং খুব চিন্তায় আছি,Routine,Routine,0.9921,0
দুই দিন ধরে কোন বিভাগে দেখাবো,General Query,General Query,0.9990,0
"শরীর ভেঙে যাচ্ছে, এটা কি স্বাভাবিক",Urgent,Urgent,0.7726,0
"দুই দিন ধরে গ্যাসের সমস্যা হচ্ছে, ভয় লাগছে",Routine,Routine,0.9885,0
"হঠাৎ এমন হয়েছে, এটা কি বড় সমস্যা",General Query,General Query,0.9980,0
"স্যার, দুই দিন ধরে চোখে জ্বালা করে, সাহায্য দরকার",Routine,Routine,0.9944,0
"গতকাল থেকে লক্ষ্য করছি, কোন ডাক্তার দেখাবো,",General Query,General Query,0.9955,0
মাথা ভারী লাগছে. দয়া করে বলবেন,Urgent,Urgent,0.9854,0
"দুই দিন ধরে হালকা জ্বর আসে, ভয় লাগছে",Routine,Routine,0.9968,0
দুই দিন ধরে এই অবস্থায় কি করবো এবং দয়া করে বলবেন,General Query,General Query,0.9999,0
"স্যার, বুকের ভেতর চাপ অনুভব করছি, এটা নিয়ে চিন্তা হচ্ছে",Emergency,Emergency,0.9959,0
রাত থেকে হাত-পা অবশ লাগছে,Emergency,Emergency,0.9893,0
"চোখে জ্বালা করে, এটা কি স্বাভাবিক",Routine,Routine,0.9969,0
"একটা বিষয় নিয়ে চিন্তায় আছি, পরীক্ষা দরকার কি",General Query,General Query,0.9952,0
"একটু সাহায্য দরকার, কিভাবে ঠিক হবে",General Query,General Query,0.9997,0
"স্যার, অনেকদিন ধরে পেটে অস্বস্তি হচ্ছে, সাহায্য দরকার",Urgent,Urgent,0.9867,0
গত কয়েকদিন ধরে হাত-পা অবশ লাগছে এবং এটা নিয়ে চিন্তা হচ্ছে,Emergency,Emergency,0.9966,0
"সকাল থেকে বারবার বমি হচ্ছে, সাহায্য দরকার",Urgent,Urgent,0.9918,0
"ডাক্তার, হাত-পা অবশ লাগছে",Emergency,Emergency,0.9985,0
"স্যার, মাথা ভারী লাগছে,",Urgent,Urgent,0.9852,0
হঠাৎ বুকের মাঝখানে তীব্র ব্যথা শুরু হয়েছে,Emergency,Emergency,0.9965,0
"একটু সাহায্য দরকার, আজকে এটা কি বিপজ্জনক, সাহায্য দরকার",General Query,General Query,0.9998,0
"অনেকদিন ধরে জ্বর যাচ্ছে না, কি করবো বুঝতে পারছি না",Urgent,Urgent,0.9509,0
দুই দিন ধরে হালকা চাপ অনুভব করি,Routine,Routine,0.9981,0
"আজকে বুঝতে পারলাম, দুই দিন ধরে হালকা চাপ অনুভব করি",Routine,Routine,0.9927,0
"দাঁড়িয়ে থাকতে পারছি না, এটা কি বিপজ্জনক",Emergency,Emergency,0.9991,0
দুই দিন ধরে ঘাড়ে অস্বস্তি লাগে,Routine,Routine,0.9988,0
"একটু সাহায্য দরকার, গতকাল মাথা ভারী লাগছে, সাহায্য দরকার",Urgent,Urgent,0.9855,0
"এইমাত্র চিকিৎসা কি হতে পারে, ভয় লাগছে",General Query,General Query,0.9976,0
অনেকদিন ধরে পরীক্ষা দরকার কি এবং কি করবো বুঝতে পারছি না,General Query,General Query,0.9999,0
আজ ঘাড়ে অস্বস্তি লাগে,Routine,Routine,0.9990,0
"৩ দিন ধরে খাবার খেতে ইচ্ছা করছে না, ভয় লাগছে",Urgent,Urgent,0.9619,0
"স্যার, এইমাত্র ঘুমাতে পারছি না, সাহায্য দরকার",Urgent,Urgent,0.9691,0
"একটু সাহায্য দরকার, দুই দিন ধরে শরীর ভেঙে যাচ্ছে",Urgent,Urgent,0.9727,0
আজ বুকের ভেতরে চাপ দিয়ে ধরছে,Emergency,Emergency,0.9978,0
রাত থেকে শরীর হঠাৎ কাঁপতে শুরু করেছে,Emergency,Emergency,0.9954,0
"অনেক চিন্তায় আছি, মাথা অনেক ব্যথা করছে, কি করবো বুঝতে পারছি না",Urgent,Urgent,0.9659,0
"কি করা উচিত, কি করা উচিত",General Query,General Query,0.9998,0
"কিছুক্ষণ আগে বুঝলাম, কথা বলতে সমস্যা হচ্ছে",Emergency,Emergency,0.9979,0
এটা নিয়ে চিন্তা করা উচিত কি. এটা কি বিপজ্জনক,General Query,General Query,0.9999,0
"স্যার, ঘুমাতে পারছি না",Urgent,Urgent,0.9587,0
"অনেক চিন্তায় আছি, অনেকদিন ধরে মাথা অনেক ব্যথা করছে",Urgent,Urgent,0.9957,0
"কিছুটা অস্বস্তি লাগে, এটা কি স্বাভাবিক",Routine,Routine,0.9993,0
"স্যার, ডাক্তার দেখানো দরকার কি, ভয় লাগছে",General Query,General Query,0.9993,0
সকাল থেকে এটা কি বিপজ্জনক,General Query,General Query,0.9997,0
"৩ দিন ধরে বমি বমি ভাব হচ্ছে, খুব চিন্তায় আছি",Urgent,Urgent,0.9951,0
"একটা বিষয় নিয়ে চিন্তায় আছি, মাথা একটু ভারী লাগে, অনেক অস্বস্তি হচ্ছে",Routine,Routine,0.9900,0
আজ মাথা ঘোরে মাঝে মাঝে এবং,Urgent,Urgent,0.9842,0
"গতকাল থেকে লক্ষ্য করছি, গত কয়েকদিন ধরে কি করা উচিত",General Query,General Query,0.9928,0
"এইমাত্র চিকিৎসা কি হতে পারে, এটা কি বিপজ্জনক",General Query,General Query,0.9997,0
"আজকে বুঝতে পারলাম, চোখের সামনে সব ঝাপসা দেখছি, অনেক অস্বস্তি হচ্ছে",Emergency,Emergency,0.9995,0
"স্যার, এইমাত্র বারবার বমি হচ্ছে, সাহায্য দরকার",Urgent,Urgent,0.9707,0
"সপ্তাহখানেক ধরে হাত আর পায়ে লালচে ফুসকুড়ি হয়ে জানটা শেষ, এত চুলকায়! জায়গাগুলো কেমন যেন শুকিয়ে চামড়া খসখসে হয়ে উঠছে।",Routine,Routine,0.9448,0
"হাত-পায়ে লাল ফুসকুড়ি ও চুলকানি। আক্রান্ত স্থান শুষ্ক, খসখসে এবং আঁশের মতো চামড়া উঠছে। প্রায় এক মাস ধরে এই সমস্যা",Routine,Routine,0.9662,0
"পায়ে তীব্র ক্র্যাম্প আর র্যাশের সমস্যা। কাফ মাসলের রগগুলো স্পষ্ট দেখা যাচ্ছে, শরীর খুব ক্লান্ত।",Urgent,Urgent,0.9476,0
ইদানীং পায়ের কাফ মাসলে রগ টান লাগার সমস্যা খুব বেড়েছে এবং শিরাগুলো বাইরে থেকে স্পষ্ট দেখা যাচ্ছে। পায়ে অস্বস্তিকর ফুসকুড়িও লক্ষ্য করলাম। এর সাথে গত দুই দিন ধরে শরীর ভীষণ ক্লান্ত আর অবসন্ন লাগছে।,Urgent,Urgent,0.8722,0
ইদানীং লক্ষ্য করছি আমার হাঁটুর ওপরের এবং কনুইয়ের চামড়া অতিরিক্ত শুষ্ক হয়ে ফেটে ফেটে উঠছে। এই পিলিং বা চামড়া ওঠার কারণে জায়গাগুলোতে তীব্র চুলকানি ও এক ধরণের কামড়ানি ব্যথা অনুভব করছি।,Routine,Routine,0.9893,0
"আঙুলের গিঁটে প্রচণ্ড ব্যথার সাথে হাঁটুতেও একই সমস্যা, বসলে আর উঠতে পারি না, জয়েন্ট নাড়ালেই কষ্ট হয়।",Routine,Urgent,0.7582,1
"আমার হাতের আঙুল, কবজি এবং হাঁটুর জয়েন্টগুলোতে অনবরত ব্যথা হচ্ছে। নড়াচড়া করলে ব্যথা আরও বেড়ে যায় এবং তীব্র দপদপানি অনুভূত হয়।",Routine,Routine,0.9625,0
আমার লোয়ার ব্যাক এবং মাথার ত্বকে শুষ্ক আঁশটে ভাব দেখা দিয়েছে। একটু চুলকালেই গুঁড়ো গুঁড়ো হয়ে পিলিং বা খসে পড়ে।,Routine,Routine,0.9967,0
কয়েকদিন ধরে আমার কোমর আর মাথায় রূপালী কুচির মতো তীব্র র্যাশ। হাত দিয়ে চুলকালেই মরা ছালগুলো ঝরে যাচ্ছে।,Routine,Routine,0.9996,0
"মাথায় আর কোমরে রূপালী আঁশ উঠে ভেতরের লাল চামড়া বের হয়ে গেছে, চুলকালে গুঁড়ো গুঁড়ো হয়ে চারদিকে পড়ে।",Routine,Routine,0.7502,0
"মাথায় প্রচণ্ড খুশকির মতো হয়ে রূপালী ছাল উঠছে আর সাথে কোমরের দিকেও একই সমস্যা, চুলকালে ঝুরঝুর করে পড়ে।",Routine,Routine,0.9923,0
"স্যার, বেশ কয়েক সপ্তাহ ধরে আমার কোমর আর মাথার চামড়া খসখসে হয়ে সিলভার রঙের আঁশের মতো উঠে যাচ্ছে। নখ দিলে গুঁড়ো হয়ে ঝরে যায়।",Routine,Routine,0.9999,0
"ডাক্তার সাহেব, আমার মাথার স্কাল্পে এবং পিঠের নিচের ত্বকে রূপালী গুঁড়ো জমার সমস্যা দেখা দিয়েছে। হাত দিলেই ঝুরঝুর করে পড়ে যায়।",Routine,Routine,0.9897,0
আমার মাথার স্কাল্প এবং লোয়ার ব্যাকের ত্বক অনবরত ফেটে রূপালী ছাল খসে পড়ছে। চুলকালে গুঁড়ো গুঁড়ো হয়ে পড়ে।,Routine,Routine,0.9890,0
"ইদানীং হাত ও পায়ের তালুর স্কিন অতিরিক্ত শক্ত হয়ে ফেটে হাঁ হয়ে গেছে, সামান্য চাপ লাগলেই রক্ত বের হয়।",Urgent,Urgent,0.8226,0
হাত-পায়ের তলার চামড়া মোটা হয়ে ফেটে যাওয়ার সমস্যা দেখা দিয়েছে। ফাটলগুলো এত গভীর যে সহজেই রক্তপাত হয়।,Urgent,Urgent,0.5054,0
"স্যার, আমার পায়ের তলার চামড়া শক্ত হয়ে ফেটে যাচ্ছে আর জায়গাটা খড়খড়ে ও যন্ত্রণাদায়ক লাগে।",Urgent,Urgent,0.8031,0
"হাতের তালু এবং পায়ের তলার ত্বক খসখসে হয়ে ফেটে হা হয়ে আছে, মরা চামড়ার ফাটল থেকে রক্ত বের হয়।",Urgent,Urgent,0.7845,0
"নখগুলো ফুটো ফুটো হয়ে যাচ্ছে, সাথে গায়ের ফুসকুড়ি আর গিঁটের ব্যথাটা খুব ভোগাচ্ছে।",Urgent,Urgent,0.7581,0
"রোগী চরম অবসাদ (fatigue), তীব্র এনার্জির ঘাটতি এবং মারাত্মক মাত্রায় লেথার্জি বা অলসতার সম্মুখীন হচ্ছেন।",Urgent,Emergency,0.8276,1
"হাত-পায়ের চামড়া খসখসে হয়ে সাদাটে হয়ে যাচ্ছে, তেমন কোনো ব্যথা নেই।",Routine,Routine,0.9936,0
"কয়েকদিন ধরে হাতের চামড়া শুষ্ক লাগছে, সাবান দিলে টান টান লাগে কিন্তু ব্যথা নেই।",Routine,Routine,0.9994,0
"সারা শরীরে হালকা শুষ্কতা অনুভব করছি, মাঝে মাঝে অল্প চুলকায়।",Routine,Routine,0.9997,0
"পরিদর্শনে ফুসফুসে কোনো অস্বাভাবিক শব্দ বা ইনফেকশনের তীব্র লক্ষণ পাওয়া যায়নি, সামান্য আপার রেসপিরেটরি ইরিটেশন রয়েছে।",Routine,Routine,0.5634,0
"আমার বাচ্চার হালকা গা গরম মনে হচ্ছে, কীভাবে বুঝব জ্বর কি না?",General Query,Routine,0.9652,1
শরীর একটু গরম হলে কি ওষুধ খাওয়া উচিত নাকি অপেক্ষা করা ভালো?,General Query,General Query,0.8889,0
ইমিউন সিস্টেমের কারণে হালকা জ্বর হতে পারে কি?,General Query,General Query,0.9203,0
তীব্র জ্বর ও শ্বাস নিতে পারছে না!,Emergency,Emergency,0.5652,0
দাঁতে প্রচণ্ড ব্যথা হচ্ছে এবং রাতে ঘুমাতে পারছি না।,Urgent,Urgent,0.9637,0
মাড়িতে তীব্র ডেন্টাল অ্যাবসেস তৈরি হয়ে টিস্যু ক্ষতিগ্রস্ত হয়েছে এবং জ্বর দেখা দিচ্ছে।,Urgent,Emergency,0.7066,1
ডেন্টাল প্রসিডিউরের পর তীব্র রক্তক্ষরণে রোগীর ভাইটালস দ্রুত খারাপ হচ্ছে।,Emergency,Emergency,0.9831,0
নাক পরিষ্কার করার স্ট্রিপ ব্যবহার করলে কি নাকের চামড়ার ক্ষতি হয়?,General Query,General Query,0.9980,0
নাকের ত্বকে ছোট দানা দেখা দিলে এগুলো কি ময়লা নাকি অন্য কিছু এবং কীভাবে পরিষ্কার করা উচিত?,General Query,General Query,0.9973,0
"ধুলোবালিতে গেলে মাঝেমাঝে একটু হাঁচি হয় আর নাকটা চুলকায়, কোনো ব্যথা নেই।",Routine,Routine,0.9959,0
মাথায় ভারি আঘাত লেগে কান দিয়ে রক্তের সাথে সাদা তরল বের হচ্ছে এবং রোগী অজ্ঞান।,Emergency,Emergency,0.9995,0
"ভাইয়া, আমার ছোট বোনের গলায় কোনো অ্যালার্জি বা ঘা নেই, কিন্তু ওর কথা বলার সময় গলাটা কেমন জানি একটু ভারী শোনায়। এটা কি সাধারণ কোনো কারণে নাকি বয়সের সাথে কণ্ঠস্বর বদলানোর স্বাভাবিক নিয়ম, সেই তথ্যটা দিলে খুব ভালো হতো।",General Query,General Query,0.9597,0
ফ্যারিনক্সের উপরিভাগে মৃদু শুষ্কতা এবং দীর্ঘমেয়াদী হালকা স্বরভঙ্গের প্রাথমিক লক্ষণ দৃশ্যমান।,Routine,Routine,0.9937,0
"আমার গলার টনসিল দুইটা নাকি ছোটবেলা থেকেই সামান্য একটু বড়, যার কারণে মাঝেসাঝে একটু ঠাণ্ডা লাগলে গলাটা কেমন জানি ভারী হয়ে থাকে। ওখানে কোনো ঘা, তীব্র পেইন বা শ্বাস বন্ধ হওয়ার মতো লক্ষণ নেই, জাস্ট খাবার খাওয়ার সময় সামান্য একটু অস্বস্তি হয় আর কি।",Routine,Routine,0.9688,0
"তীব্র টনসিল প্রদাহের কারণে রোগীর স্বাভাবিক ঢোক গেলা এবং দৈনন্দিন পুষ্টি গ্রহণ মারাত্মকভাবে ব্যাহত (functional impairment) হচ্ছে, যা দ্রুত ড্রেনেজ বা ক্লিনিক্যাল কভার নির্দেশ করে।",Urgent,Urgent,0.7612,0
"গলায় ধারালো কাচ লেগে রগ কেটে ফিনকি দিয়ে রক্ত বেরোচ্ছে, দম আটকে যাচ্ছে!",Emergency,Emergency,0.9718,0
"গলায় মাছের বড় কাঁটা বা হাড় আটকে পুরো শ্বাসনালী বন্ধ, উনি অজ্ঞান হয়ে যাচ্ছেন।",Emergency,Emergency,0.9127,0
দুর্ঘটনাবশত গলার ভেতর টিনের টুকরো ঢুকে শ্বাসনালী কেটে গেছে। অনবরত মুখ থেকে গলগল করে রক্ত বেরোচ্ছে এবং তীব্র শ্বাসকষ্ট অনুভব করছে।,Emergency,Emergency,0.9319,0
"গলার গভীর টিস্যুতে মারাত্মক সেলুলাইটিস এবং শ্বাসনালী অবরুদ্ধ হওয়ার (airway compromise) ফলে রোগীর ভাইটালস আশঙ্কাজনকভাবে হ্রাস পাচ্ছে, যা অত্যন্ত জীবননাশী।",Emergency,Urgent,0.5936,1
"রোগীর ওরাল ক্যাভিটিতে কোনো তীব্র আলসারেশন বা প্রদাহ পাওয়া যায়নি, তবে স্বাদ গ্রহণের ক্ষেত্রে মৃদু ও দীর্ঘমেয়াদী সংবেদনশীলতা রয়েছে।",Routine,Routine,0.8077,0
"ডাক্তার সাহেব, আমার জিহ্বার মাঝখানটাতে বেশ কিছুদিন ধরে সামান্য সাদাটে ভাব জমেছে আর পানি কম খেলে হালকা খিটখিটে লাগে।",Routine,Routine,0.9968,0
"সকালে ঘুম থেকে উঠলে মুখটা কেমন তিতা তিতা লাগে, কোনো ব্যথা বা ঘা মুখে নাই।",Routine,Routine,0.9817,0
"ঠাণ্ডা লেগে গলাটা কেমন জানি জইমা ভেঙে গেছে, কোনো ব্যথা বা জ্বর নাই।",Routine,Routine,0.9934,0
ওনার গলায় হঠাৎ করে বিষাক্ত একটা পোকা কামড়ানোর পর পুরো গলা ফুইলা শ্বাস বন্ধ হয়া যাইতেছে! উনি নীল হয়া ছটফট করতেছেন।,Emergency,Emergency,0.9965,0
"কোনো কার্ডিও-পালমোনারি বা পাঁজরের হাড়ের বড় ইনজুরি ছাড়াই, বুকের এনাটমি এবং হার্টের স্বাভাবিক স্পন্দন প্রক্রিয়া সম্পর্কিত সাধারণ তথ্যের অনুসন্ধান করা হয়েছে। বুকের সার্বিক সুস্থতা বজায় রাখার জন্য প্রাথমিক স্বাস্থ্য নির্দেশিকাই যথেষ্ট।",General Query,General Query,0.9964,0
"এক সপ্তাহ ধরে পেটের ওপরের দিকে সামান্য একটু ভারী ভারী লাগে আর হালকা গ্যাস জমে, বড় কোনো ব্যথা নাই।",Routine,Routine,0.9980,0
পিঠের একপাশে দানা দানা উইঠা প্রচণ্ড জ্বলতাছে আর লাল হয়া শক্ত হয়া গেছে।,Urgent,Urgent,0.9347,0
"পায়ের গোড়ালিটা ফেটে কেমন জানি খসখসে হয়া আছে, কোনো পেইন বা রক্তপাত নাই।",Routine,Routine,0.9731,0
আমার পিঠের নিচের অংশে একটা খসখসে অনুভূতি হয় যা ক্রিম লাগালে ঠিক হয়ে যায়। কোনো গভীর ক্ষত বা ব্লিডিং সেখানে নেই।,Routine,Routine,0.9752,0
"কপালে একটা ধারালো কাচের আঘাত লেগে গভীর ক্ষত তৈরি হইছে আর ফিনকি দিয়া রক্ত পড়া কোনোভাবেই থামানো যাইতেছে না, উনি দুর্বল হয়ে নিস্তেজ হয়ে পড়েছেন।",Emergency,Emergency,0.9928,0
আমার মুখের ত্বকে মাঝে মাঝে সামান্য একটু শুষ্কতা বা আলগা চামড়া ওঠার মতো অনুভূতি হয় যা ভ্যাসলিন লাগালে পুরোপুরি ঠিক হয়ে যায় অনেকদিন যাবৎ।,Routine,Routine,0.9998,0
চার-পাঁচ দিন ধইরা আমার পিঠের চামড়ায় বড় বড় চাকা উইঠা প্রচণ্ড চুলকানি আর কেমন জানি একটা মোচড় দেওয়া অস্বস্তি লেগেই আছে।,Urgent,Routine,0.7215,1
হাতের চামড়ায় কয়েকটা গভীর ব্যথাদায়ক ক্ষত হইছে আর সেখান থেকে অনবরত কাঁচা রস ও পুঁজ বের হইতাছে।,Urgent,Urgent,0.8752,0
গলার চামড়ায় একটা পুরনো এলার্জির ক্ষত অবহেলা করার কারণে এখন মারাত্মক লাল হয়া ফুলে গেছে। ব্যথার তীব্রতায় আমি ঘাড় বা মাথা নাড়াইতে পারতেছি না।,Urgent,Urgent,0.9755,0
চুল ইদানীং একটু বেশি পড়তেছে কিন্তু কোনো ব্যথা বা চুলকানি নাই।,Routine,Routine,0.9997,0
স্ক্যাল্পে ছোট ছোট ফুসকুড়ি উঠে ব্যথা করতেছে।,Urgent,Routine,0.9691,1
হেয়ার ডাইয়ের পর পুরো মাথায় এলার্জি হয়ে শ্বাস নিতে কষ্ট হচ্ছে।,Emergency,Emergency,0.6643,0
স্ক্যাল্পে আগুন লাগার মতো বার্ন হয়েছে আর ব্যক্তি অচেতন।,Emergency,Emergency,0.9381,0
চুলের মধ্যে উকুন দেখা যাচ্ছে আর খুব চুলকাচ্ছে।,Urgent,Routine,0.6647,1
রাসায়নিক ডাইয়ের কারণে মাথায় মারাত্মক এলার্জি হয়ে ফুলে গেছে আর শ্বাসকষ্ট হচ্ছে।,Emergency,Emergency,0.9579,0
স্ক্যাল্পে তীব্র ইনফেকশন ছড়িয়ে পড়েছে আর জ্বরসহ অচেতন অবস্থা।,Emergency,Emergency,0.9861,0
"হেয়ার ডাই লাগানোর পর স্কাল্প ফুলে গেছে, শ্বাস নিতে কষ্ট হচ্ছে আর রোগী অচেতন হয়ে যাচ্ছে।",Emergency,Emergency,0.9997,0
শ্যাম্পু করার পর মাথার ত্বক রুক্ষ আর টান টান লাগে।,Routine,Routine,0.9903,0
সেলুনের পর স্কাল্প রুক্ষ লাগছে।,Routine,Routine,0.9436,0
মাথার চুল আলগা হয়া গোড়াগুলো ফুইলা লাল হয়া আছে আর টিপ দিলে দুর্গন্ধযুক্ত পুঁজ বের হইতাছে।,Urgent,Urgent,0.9415,0
"চিরুনি দিলে ইদানীং চুলের আগা ফেটে খসখসে হয়া থাকে আর কেমন জানি রুক্ষ দেখায়। কোনো তীব্র চুলকানি, ফুলা বা চামড়ার ভেতরগত পেইন এর সাথে নাই।",Routine,Routine,0.9704,0
"বাচ্চাটার মাথায় ফুটন্ত ভাতের মাড় পইড়া স্কাল্পের চামড়া গভীরভাবে পুইড়া গেছে আর বাচ্চাটা ব্যথার চোটে শ্বাস নিতে পারতেছে না, শরীর নীল হয়া আসতেছে।",Emergency,Emergency,0.9982,0
হরমোনজনিত কারণে চুল খুব দ্রুত পাতলা হচ্ছে।,Urgent,Routine,0.9550,1
ঘুম ঠিকমতো হচ্ছে না আর শরীর হরমোনালভাবে অস্থির।,Urgent,Urgent,0.6906,0
অ্যাড্রেনাল শকে রোগী অচেতন হয়ে গেছে।,Emergency,Emergency,0.9994,0
"সপ্তাহ খানেক ধরে সারা শরীরের জোড়ায় জোড়ায় কেমন জানি একটা তীব্র কামড়ানো ব্যথা আর মাংসপেশিতে অবশ ভাব লেগেই আছে। একটু হাঁটতে গেলেই পা অবশ হয়া আসে, যার কারণে গত দুই দিন ধরে ঘরের স্বাভাবিক কোনো কাজকর্মও করতে পারতেছি না।",Urgent,Urgent,0.9636,0
গরমের দিনেও আমার হাত-পা কেমন জানি সারাক্ষণ একটু অতিরিক্ত ঠাণ্ডা আর নিস্তেজ হয়া থাকে।,Routine,Routine,0.9797,0
"চার-পাঁচ দিন ধইরা আমার হাত-পায়ের তালু অনবরত জ্বলতাছে আর কেমন জানি একটা সুঁই ফোটার মতো অস্বস্তি লেগেই আছে। রাতে বিছানায় শুইলেই জ্বালাপোড়া আরও বাড়ে, যার কারণে গত দুই দিন ধরে আমি রাতে এক ফোঁটাও ঘুমাইতে পারতেছি না।",Urgent,Urgent,0.9543,0
"বয়সজনিত কারণে হরমোনের স্বাভাবিক পরিবর্তনগুলো স্বাভাবিক রাখতে প্রতিদিনের খাদ্যতালিকায় কেমন অ্যান্টিঅক্সিডেন্ট রাখা প্রয়োজন বা কোনো ঘরোয়া নিয়ম আছে কি? আমার শরীরে কোনো ধরণের ব্যথা, ঘা, রক্ত পড়া বা চুলকানির সমস্যা নেই, সাধারণভাবে জানার জন্য প্রশ্নটা করলাম।",General Query,General Query,0.9991,0
"ইদানীং মনোযোগ ধরে রাখতে পারি না, পড়াশোনা বা কাজ কিছুতেই ফোকাস হয় না।",Routine,Routine,0.5327,0
ইদানীং কোনো কারণ ছাড়াই মন খারাপ লাগে আর ঘুম কমে গেছে।,Routine,Urgent,0.7130,1
মেজাজ মাঝে মাঝে ওঠানামা করে কিন্তু নিয়ন্ত্রণে থাকে।,Routine,Routine,0.9934,0
আমার মেজাজটা ইদানীং কিছুটা খিটখিটে হয়ে থাকে যা অনেকদিন ধরে একই রকম স্থির আছে। ওটাতে কোনো তীব্র প্যানিক অ্যাটাক বা নিজের ক্ষতি করার মতো চিন্তা নেই।,Routine,Routine,0.9910,0
মাথায় তীব্র আঘাত লাগার পর থেকে ওনার রেসপিরেটরি সিস্টেম ব্লক হওয়ার উপক্রম হইছে আর উনি পুরোপুরি জ্ঞান হারাইছেন!,Emergency,Emergency,0.9992,0
"আপা, ইদানীং মানুষের সাথে কথা বলতে একটু অলস লাগে আর একা থাকতেই বেশি ভালো লাগে। তবে মনের ভেতর কোনো তীব্র কষ্ট, কান্না বা ক্ষোভের অনুভূতি নাই।",Routine,Routine,0.9909,0
মাথার ভেতর অনবরত কাল্পনিক কিছু শব্দ শুনতাছি আর ব্যথায় চোখ মেলতে পারতেছি না।,Urgent,Urgent,0.9483,0
"মনের ক্লান্তি দূর করতে এবং মানসিক স্বাস্থ্যের স্বাভাবিক ভারসাম্য বজায় রাখার জন্য প্রতিদিনের খাদ্যতালিকায় কেমন পরিবর্তন আনা প্রয়োজন? আমার মনে কোনো তীব্র অবসাদ, ভয়, রক্তপাত বা অস্বস্তির সমস্যা নেই, সাধারণভাবে জানার জন্য প্রশ্নটা করলাম।",General Query,General Query,0.9984,0
"বেশ কিছুদিন ধরে কোনো কারণ ছাড়াই আমার সারা শরীর প্রচণ্ড দুর্বল হয়া ভারী হয়ে গেছে আর চোখ-মুখ কেমন জানি বসা বসা লাগে। একটু চিন্তা করলেই দম ফুরায়ে আসে, যার কারণে গত দুই দিন ধরে আমি অফিসে বা কোনো কাজেই মনোযোগ দিতে পারতেছি না।",Urgent,Urgent,0.9514,0
"ঘুমানোর পর মাঝরাতে হঠাৎ বুক ধড়ফড় করে উঠে যাই আর শ্বাস নিতে কষ্ট হয়, বেশ ভয় লাগে।",Urgent,Routine,0.6787,1
"দুই দিন ধরে কাজের মধ্যে অনবরত চোখ বন্ধ হয়া আসতেছে আর মাথা ঘুরতাছে, যার জন্য আমি এক মুহূর্তের জন্যও শান্তিতে বসতে বা ল্যাবের কাজে মনোযোগ দিতে পারতেছি না।",Urgent,Urgent,0.9501,0
ওনার হার্টবিট হঠাৎ ঘুমের মধ্যে এত বেশি বেইড়া গেছে যে দম নিতে না পেরে ছটফট করতেছেন আর শরীর পুরো নিস্তেজ হয়া বিছানায় ঢইলা পড়তেছে।,Emergency,Emergency,0.9775,0
"বয়সজনিত কারণে ঘুমের প্যাটার্নের স্বাভাবিক পরিবর্তনগুলো স্বাভাবিক রাখতে প্রতিদিনের খাদ্যতালিকায় কেমন পুষ্টি উপাদান রাখা প্রয়োজন বা কোনো ঘরোয়া নিয়ম আছে কি? আমার শরীরে বা মনে কোনো ধরণের ব্যথা, ঘা, রক্ত পড়া বা তীব্র অস্থিরতার সমস্যা নেই, সাধারণভাবে জানার জন্য প্রশ্নটা করলাম।",General Query,General Query,0.9990,0
